Date,Year,Ground,Opposition,Inns,Pos,Runs,BF,4s,6s,SR,Dismissal,NotOut
2008-08-18,2008,Dambulla,Sri Lanka,1.0,2.0,12.0,22.0,1.0,0.0,54.54,lbw,0
2008-08-20,2008,Dambulla,Sri Lanka,2.0,2.0,37.0,67.0,6.0,0.0,55.22,caught,0
2008-08-24,2008,Colombo (RPS),Sri Lanka,1.0,1.0,25.0,38.0,4.0,0.0,65.78,run out,0
2008-08-27,2008,Colombo (RPS),Sri Lanka,1.0,1.0,54.0,66.0,7.0,0.0,81.81,bowled,0
2008-08-29,2008,Colombo (RPS),Sri Lanka,2.0,1.0,31.0,46.0,3.0,1.0,67.39,lbw,0
2009-09-14,2009,Colombo (RPS),Sri Lanka,1.0,7.0,2.0,2.0,0.0,0.0,100.0,not out,1
2009-09-26,2009,Centurion,Pakistan,2.0,4.0,16.0,24.0,1.0,0.0,66.66,caught,0
2009-09-28,2009,Centurion,Australia,,,,,,,,-,0
2009-09-30,2009,Johannesburg,West Indies,2.0,4.0,79.0,104.0,9.0,2.0,75.96,not out,1
2009-10-25,2009,Vadodara,Australia,2.0,4.0,30.0,41.0,3.0,0.0,73.17,caught,0
2009-11-02,2009,Mohali,Australia,2.0,3.0,10.0,16.0,1.0,0.0,62.5,caught,0
2009-12-15,2009,Rajkot,Sri Lanka,1.0,7.0,27.0,19.0,4.0,0.0,142.1,bowled,0
2009-12-18,2009,Nagpur,Sri Lanka,1.0,4.0,54.0,65.0,7.0,0.0,83.07,lbw,0
2009-12-24,2009,Eden Gardens,Sri Lanka,2.0,4.0,107.0,114.0,11.0,1.0,93.85,caught,0
2009-12-27,2009,Delhi,Sri Lanka,,,,,,,,-,0
2010-01-05,2010,Mirpur,Sri Lanka,1.0,3.0,9.0,12.0,1.0,0.0,75.0,caught,0
2010-01-07,2010,Mirpur,Bangladesh,2.0,3.0,91.0,102.0,7.0,0.0,89.21,caught,0
2010-01-10,2010,Mirpur,Sri Lanka,2.0,3.0,71.0,68.0,9.0,0.0,104.41,not out,1
2010-01-11,2010,Mirpur,Bangladesh,2.0,3.0,102.0,95.0,11.0,0.0,107.36,not out,1
2010-01-13,2010,Mirpur,Sri Lanka,1.0,3.0,2.0,8.0,0.0,0.0,25.0,caught,0
2010-02-21,2010,Jaipur,South Africa,1.0,5.0,31.0,46.0,1.0,0.0,67.39,caught,0
2010-02-24,2010,Gwalior,South Africa,1.0,,,,,,,-,0
2010-02-27,2010,Ahmedabad,South Africa,2.0,3.0,57.0,71.0,4.0,1.0,80.28,caught,0
2010-05-28,2010,Bulawayo,Zimbabwe,1.0,3.0,0.0,0.0,0.0,0.0,,run out,0
2010-05-30,2010,Bulawayo,Sri Lanka,2.0,3.0,82.0,92.0,4.0,0.0,89.13,caught,0
2010-06-03,2010,Harare,Zimbabwe,1.0,3.0,18.0,29.0,1.0,0.0,62.06,caught,0
2010-06-05,2010,Harare,Sri Lanka,1.0,3.0,68.0,95.0,5.0,0.0,71.57,caught,0
2010-06-16,2010,Dambulla,Bangladesh,2.0,3.0,11.0,22.0,0.0,0.0,50.0,stumped,0
2010-06-19,2010,Dambulla,Pakistan,2.0,3.0,18.0,27.0,1.0,0.0,66.66,bowled,0
2010-06-22,2010,Dambulla,Sri Lanka,1.0,3.0,10.0,14.0,1.0,0.0,71.42,caught,0
2010-06-24,2010,Dambulla,Sri Lanka,1.0,3.0,28.0,34.0,4.0,0.0,82.35,caught,0
2010-08-16,2010,Dambulla,Sri Lanka,2.0,3.0,0.0,3.0,0.0,0.0,0.0,caught,0
2010-08-25,2010,Dambulla,New Zealand,1.0,3.0,8.0,16.0,1.0,0.0,50.0,caught,0
2010-08-28,2010,Dambulla,Sri Lanka,2.0,3.0,37.0,57.0,5.0,0.0,64.91,caught,0
2010-10-20,2010,Visakhapatnam,Australia,2.0,3.0,118.0,121.0,11.0,1.0,97.52,caught,0
2010-11-28,2010,Guwahati,New Zealand,1.0,3.0,105.0,104.0,10.0,0.0,100.96,caught,0
2010-12-01,2010,Jaipur,New Zealand,2.0,3.0,64.0,73.0,8.0,0.0,87.67,caught,0
2010-12-04,2010,Vadodara,New Zealand,2.0,3.0,63.0,70.0,6.0,2.0,90.0,not out,1
2010-12-07,2010,Bengaluru,New Zealand,2.0,3.0,0.0,2.0,0.0,0.0,0.0,caught,0
2010-12-10,2010,Chennai,New Zealand,2.0,3.0,2.0,8.0,0.0,0.0,25.0,caught,0
2011-01-12,2011,Durban,South Africa,2.0,3.0,54.0,70.0,2.0,1.0,77.14,caught,0
2011-01-15,2011,Johannesburg,South Africa,1.0,3.0,22.0,34.0,1.0,0.0,64.7,run out,0
2011-01-18,2011,Cape Town,South Africa,2.0,3.0,28.0,41.0,5.0,0.0,68.29,caught,0
2011-01-21,2011,Gqeberha,South Africa,2.0,3.0,87.0,92.0,7.0,2.0,94.56,not out,1
2011-01-23,2011,Centurion,South Africa,2.0,3.0,2.0,6.0,0.0,0.0,33.33,caught,0
2011-02-19,2011,Mirpur,Bangladesh,1.0,4.0,100.0,83.0,8.0,2.0,120.48,not out,1
2011-02-27,2011,Bengaluru,England,1.0,7.0,8.0,5.0,1.0,0.0,160.0,bowled,0
2011-03-06,2011,Bengaluru,Ireland,2.0,4.0,34.0,53.0,3.0,0.0,64.15,run out,0
2011-03-09,2011,Delhi,Netherlands,2.0,5.0,12.0,20.0,2.0,0.0,60.0,bowled,0
2011-03-12,2011,Nagpur,South Africa,1.0,7.0,1.0,3.0,0.0,0.0,33.33,caught,0
2011-03-20,2011,Chennai,West Indies,1.0,3.0,59.0,76.0,5.0,0.0,77.63,bowled,0
2011-03-24,2011,Ahmedabad,Australia,2.0,4.0,24.0,33.0,1.0,0.0,72.72,caught,0
2011-03-30,2011,Mohali,Pakistan,1.0,4.0,9.0,21.0,0.0,0.0,42.85,caught,0
2011-04-02,2011,Wankhede,Sri Lanka,2.0,4.0,35.0,49.0,4.0,0.0,71.42,caught,0
2011-06-06,2011,Port of Spain,West Indies,2.0,3.0,2.0,8.0,0.0,0.0,25.0,caught,0
2011-06-08,2011,Port of Spain,West Indies,2.0,3.0,81.0,103.0,6.0,1.0,78.64,caught,0
2011-06-11,2011,North Sound,West Indies,2.0,3.0,0.0,1.0,0.0,0.0,0.0,lbw,0
2011-06-13,2011,North Sound,West Indies,2.0,3.0,22.0,33.0,1.0,0.0,66.66,stumped,0
2011-06-16,2011,Kingston,West Indies,1.0,3.0,94.0,104.0,10.0,0.0,90.38,run out,0
2011-09-03,2011,Chester-le-Street,England,1.0,4.0,55.0,73.0,4.0,0.0,75.34,bowled,0
2011-09-06,2011,Southampton,England,1.0,4.0,9.0,9.0,0.0,0.0,100.0,caught,0
2011-09-09,2011,The Oval,England,1.0,4.0,7.0,18.0,0.0,0.0,38.88,caught,0
2011-09-11,2011,Lord's,England,1.0,4.0,16.0,36.0,1.0,0.0,44.44,caught,0
2011-09-16,2011,Cardiff,England,1.0,4.0,107.0,93.0,9.0,1.0,115.05,hit wicket,0
2011-10-14,2011,Hyderabad,England,1.0,4.0,37.0,63.0,0.0,0.0,58.73,caught,0
2011-10-17,2011,Delhi,England,2.0,4.0,112.0,98.0,16.0,0.0,114.28,not out,1
2011-10-20,2011,Mohali,England,2.0,4.0,35.0,30.0,5.0,0.0,116.66,lbw,0
2011-10-23,2011,Wankhede,England,2.0,4.0,86.0,99.0,11.0,0.0,86.86,not out,1
2011-10-25,2011,Eden Gardens,England,1.0,3.0,0.0,5.0,0.0,0.0,0.0,bowled,0
2011-11-29,2011,Cuttack,West Indies,2.0,4.0,3.0,6.0,0.0,0.0,50.0,bowled,0
2011-12-02,2011,Visakhapatnam,West Indies,2.0,4.0,117.0,123.0,14.0,0.0,95.12,caught,0
2011-12-05,2011,Ahmedabad,West Indies,2.0,4.0,20.0,30.0,3.0,0.0,66.66,lbw,0
2011-12-08,2011,Indore,West Indies,1.0,6.0,23.0,11.0,3.0,0.0,209.09,not out,1
2011-12-11,2011,Chennai,West Indies,1.0,5.0,80.0,85.0,5.0,0.0,94.11,caught,0
2012-02-05,2012,Melbourne,Australia,2.0,3.0,31.0,34.0,3.0,0.0,91.17,caught,0
2012-02-08,2012,W.A.C.A,Sri Lanka,2.0,3.0,77.0,94.0,8.0,1.0,81.91,run out,0
2012-02-12,2012,Adelaide,Australia,2.0,3.0,18.0,28.0,1.0,0.0,64.28,caught,0
2012-02-14,2012,Adelaide,Sri Lanka,2.0,3.0,15.0,25.0,1.0,0.0,60.0,lbw,0
2012-02-19,2012,Brisbane,Australia,2.0,3.0,12.0,25.0,0.0,0.0,48.0,caught,0
2012-02-21,2012,Brisbane,Sri Lanka,2.0,4.0,66.0,83.0,2.0,0.0,79.51,caught,0
2012-02-26,2012,Sydney,Australia,2.0,4.0,21.0,27.0,2.0,0.0,77.77,caught,0
2012-02-28,2012,Hobart,Sri Lanka,2.0,4.0,133.0,86.0,16.0,2.0,154.65,not out,1
2012-03-13,2012,Mirpur,Sri Lanka,1.0,3.0,108.0,120.0,7.0,0.0,90.0,caught,0
2012-03-16,2012,Mirpur,Bangladesh,1.0,3.0,66.0,82.0,5.0,0.0,80.48,bowled,0
2012-03-18,2012,Mirpur,Pakistan,2.0,3.0,183.0,148.0,22.0,1.0,123.64,caught,0
2012-07-21,2012,Hambantota,Sri Lanka,1.0,3.0,106.0,113.0,9.0,0.0,93.8,caught,0
2012-07-24,2012,Hambantota,Sri Lanka,1.0,3.0,1.0,5.0,0.0,0.0,20.0,caught,0
2012-07-28,2012,Colombo (RPS),Sri Lanka,2.0,3.0,38.0,65.0,2.0,0.0,58.46,caught,0
2012-07-31,2012,Colombo (RPS),Sri Lanka,2.0,3.0,128.0,119.0,12.0,1.0,107.56,not out,1
2012-08-04,2012,Pallekele,Sri Lanka,1.0,3.0,23.0,35.0,2.0,0.0,65.71,lbw,0
2012-12-30,2012,Chennai,Pakistan,1.0,3.0,0.0,5.0,0.0,0.0,0.0,bowled,0
2013-01-03,2013,Eden Gardens,Pakistan,2.0,3.0,6.0,9.0,1.0,0.0,66.66,caught,0
2013-01-06,2013,Delhi,Pakistan,1.0,3.0,7.0,17.0,1.0,0.0,41.17,caught,0
2013-01-11,2013,Rajkot,England,2.0,3.0,15.0,22.0,1.0,0.0,68.18,caught,0
2013-01-15,2013,Kochi,England,1.0,3.0,37.0,54.0,1.0,1.0,68.51,caught,0
2013-01-19,2013,Ranchi,England,2.0,3.0,77.0,79.0,9.0,2.0,97.46,not out,1
2013-01-23,2013,Mohali,England,2.0,3.0,26.0,33.0,3.0,0.0,78.78,caught,0
2013-01-27,2013,Dharamsala,England,1.0,3.0,0.0,1.0,0.0,0.0,0.0,caught,0
2013-06-06,2013,Cardiff,South Africa,1.0,3.0,31.0,41.0,2.0,0.0,75.6,caught,0
2013-06-11,2013,The Oval,West Indies,2.0,3.0,22.0,18.0,4.0,0.0,122.22,bowled,0
2013-06-15,2013,Birmingham,Pakistan,2.0,3.0,22.0,27.0,3.0,0.0,81.48,not out,1
2013-06-20,2013,Cardiff,Sri Lanka,2.0,3.0,58.0,64.0,4.0,1.0,90.62,not out,1
2013-06-23,2013,Birmingham,England,1.0,3.0,43.0,34.0,4.0,1.0,126.47,caught,0
2013-06-30,2013,Kingston,West Indies,1.0,3.0,11.0,21.0,0.0,1.0,52.38,caught,0
2013-07-02,2013,Kingston,Sri Lanka,2.0,4.0,2.0,5.0,0.0,0.0,40.0,caught,0
2013-07-05,2013,Port of Spain,West Indies,1.0,3.0,102.0,83.0,13.0,2.0,122.89,caught,0
2013-07-09,2013,Port of Spain,Sri Lanka,1.0,3.0,31.0,52.0,4.0,0.0,59.61,lbw,0
2013-07-11,2013,Port of Spain,Sri Lanka,2.0,3.0,2.0,5.0,0.0,0.0,40.0,caught,0
2013-07-24,2013,Harare,Zimbabwe,2.0,3.0,115.0,108.0,13.0,1.0,106.48,caught,0
2013-07-26,2013,Harare,Zimbabwe,1.0,3.0,14.0,18.0,2.0,0.0,77.77,caught,0
2013-07-28,2013,Harare,Zimbabwe,2.0,3.0,68.0,88.0,5.0,1.0,77.27,not out,1
2013-08-01,2013,Bulawayo,Zimbabwe,2.0,,,,,,,-,0
2013-08-03,2013,Bulawayo,Zimbabwe,2.0,,,,,,,-,0
2013-10-13,2013,Pune,Australia,2.0,3.0,61.0,85.0,6.0,0.0,71.76,lbw,0
2013-10-16,2013,Jaipur,Australia,2.0,3.0,100.0,52.0,8.0,7.0,192.3,not out,1
2013-10-19,2013,Mohali,Australia,1.0,3.0,68.0,73.0,9.0,0.0,93.15,caught,0
2013-10-23,2013,Ranchi,Australia,2.0,,,,,,,-,0
2013-10-30,2013,Nagpur,Australia,2.0,3.0,115.0,66.0,18.0,1.0,174.24,not out,1
2013-11-02,2013,Bengaluru,Australia,1.0,3.0,0.0,3.0,0.0,0.0,0.0,run out,0
2013-11-21,2013,Kochi,West Indies,2.0,3.0,86.0,84.0,9.0,2.0,102.38,caught,0
2013-11-24,2013,Visakhapatnam,West Indies,1.0,3.0,99.0,100.0,9.0,0.0,99.0,caught,0
2013-11-27,2013,Kanpur,West Indies,2.0,3.0,19.0,18.0,3.0,0.0,105.55,caught,0
2013-12-05,2013,Johannesburg,South Africa,2.0,3.0,31.0,35.0,5.0,0.0,88.57,caught,0
2013-12-08,2013,Durban,South Africa,2.0,3.0,0.0,5.0,0.0,0.0,0.0,caught,0
2013-12-11,2013,Centurion,South Africa,,,,,,,,-,0
2014-01-19,2014,Napier,New Zealand,2.0,3.0,123.0,111.0,11.0,2.0,110.81,caught,0
2014-01-22,2014,Hamilton,New Zealand,2.0,3.0,78.0,65.0,7.0,2.0,120.0,caught,0
2014-01-25,2014,Auckland,New Zealand,2.0,3.0,6.0,20.0,1.0,0.0,30.0,caught,0
2014-01-28,2014,Hamilton,New Zealand,1.0,2.0,2.0,10.0,0.0,0.0,20.0,caught,0
2014-01-31,2014,Wellington,New Zealand,2.0,3.0,82.0,78.0,7.0,3.0,105.12,caught,0
2014-02-26,2014,Fatullah,Bangladesh,2.0,3.0,136.0,122.0,16.0,2.0,111.47,bowled,0
2014-02-28,2014,Fatullah,Sri Lanka,1.0,3.0,48.0,51.0,4.0,1.0,94.11,bowled,0
2014-03-02,2014,Mirpur,Pakistan,1.0,3.0,5.0,11.0,0.0,0.0,45.45,caught,0
2014-03-05,2014,Mirpur,Afghanistan,2.0,,,,,,,-,0
2014-08-27,2014,Cardiff,England,1.0,3.0,0.0,3.0,0.0,0.0,0.0,caught,0
2014-08-30,2014,Nottingham,England,2.0,3.0,40.0,50.0,2.0,1.0,80.0,caught,0
2014-09-02,2014,Birmingham,England,2.0,3.0,1.0,3.0,0.0,0.0,33.33,not out,1
2014-09-05,2014,Leeds,England,2.0,3.0,13.0,21.0,2.0,0.0,61.9,caught,0
2014-10-08,2014,Kochi,West Indies,2.0,3.0,2.0,5.0,0.0,0.0,40.0,caught,0
2014-10-11,2014,Delhi,West Indies,1.0,4.0,62.0,78.0,5.0,0.0,79.48,caught,0
2014-10-17,2014,Dharamsala,West Indies,1.0,3.0,127.0,114.0,13.0,3.0,111.4,run out,0
2014-11-02,2014,Cuttack,Sri Lanka,1.0,4.0,22.0,21.0,2.0,0.0,104.76,caught,0
2014-11-06,2014,Ahmedabad,Sri Lanka,2.0,4.0,49.0,44.0,2.0,2.0,111.36,caught,0
2014-11-09,2014,Hyderabad,Sri Lanka,2.0,4.0,53.0,61.0,4.0,1.0,86.88,caught,0
2014-11-13,2014,Eden Gardens,Sri Lanka,1.0,4.0,66.0,64.0,6.0,0.0,103.12,run out,0
2014-11-16,2014,Ranchi,Sri Lanka,2.0,4.0,139.0,126.0,12.0,3.0,110.31,not out,1
2015-01-18,2015,Melbourne,Australia,1.0,4.0,9.0,16.0,0.0,0.0,56.25,caught,0
2015-01-20,2015,Brisbane,England,1.0,4.0,4.0,8.0,0.0,0.0,50.0,caught,0
2015-01-26,2015,Sydney,Australia,1.0,4.0,3.0,9.0,0.0,0.0,33.33,not out,1
2015-01-30,2015,W.A.C.A,England,1.0,3.0,8.0,19.0,0.0,0.0,42.1,caught,0
2015-02-15,2015,Adelaide,Pakistan,1.0,3.0,107.0,126.0,8.0,0.0,84.92,caught,0
2015-02-22,2015,Melbourne,South Africa,1.0,3.0,46.0,60.0,3.0,0.0,76.66,caught,0
2015-02-28,2015,W.A.C.A,U.A.E.,2.0,3.0,33.0,41.0,5.0,0.0,80.48,not out,1
2015-03-06,2015,W.A.C.A,West Indies,2.0,3.0,33.0,36.0,5.0,0.0,91.66,caught,0
2015-03-10,2015,Hamilton,Ireland,2.0,3.0,44.0,42.0,4.0,1.0,104.76,not out,1
2015-03-14,2015,Auckland,Zimbabwe,2.0,3.0,38.0,48.0,4.0,0.0,79.16,bowled,0
2015-03-19,2015,Melbourne,Bangladesh,1.0,3.0,3.0,8.0,0.0,0.0,37.5,caught,0
2015-03-26,2015,Sydney,Australia,2.0,3.0,1.0,13.0,0.0,0.0,7.69,caught,0
2015-06-18,2015,Mirpur,Bangladesh,2.0,3.0,1.0,4.0,0.0,0.0,25.0,caught,0
2015-06-21,2015,Mirpur,Bangladesh,1.0,3.0,23.0,27.0,3.0,1.0,85.18,lbw,0
2015-06-24,2015,Mirpur,Bangladesh,1.0,3.0,25.0,35.0,1.0,0.0,71.42,bowled,0
2015-10-11,2015,Kanpur,South Africa,2.0,4.0,11.0,18.0,0.0,0.0,61.11,caught,0
2015-10-14,2015,Indore,South Africa,1.0,4.0,12.0,18.0,0.0,0.0,66.66,run out,0
2015-10-18,2015,Rajkot,South Africa,2.0,3.0,77.0,99.0,5.0,0.0,77.77,caught,0
2015-10-22,2015,Chennai,South Africa,1.0,3.0,138.0,140.0,6.0,5.0,98.57,caught,0
2015-10-25,2015,Wankhede,South Africa,2.0,3.0,7.0,6.0,0.0,1.0,116.66,caught,0
2016-01-12,2016,W.A.C.A,Australia,1.0,3.0,91.0,97.0,9.0,1.0,93.81,caught,0
2016-01-15,2016,Brisbane,Australia,1.0,3.0,59.0,67.0,4.0,0.0,88.05,run out,0
2016-01-17,2016,Melbourne,Australia,1.0,3.0,117.0,117.0,7.0,2.0,100.0,caught,0
2016-01-20,2016,Canberra,Australia,2.0,3.0,106.0,92.0,11.0,1.0,115.21,caught,0
2016-01-23,2016,Sydney,Australia,2.0,3.0,8.0,11.0,1.0,0.0,72.72,caught,0
2016-10-16,2016,Dharamsala,New Zealand,2.0,3.0,85.0,81.0,9.0,1.0,104.93,not out,1
2016-10-20,2016,Delhi,New Zealand,2.0,3.0,9.0,13.0,1.0,0.0,69.23,caught,0
2016-10-23,2016,Mohali,New Zealand,2.0,3.0,154.0,134.0,16.0,1.0,114.92,not out,1
2016-10-26,2016,Ranchi,New Zealand,2.0,3.0,45.0,51.0,2.0,1.0,88.23,caught,0
2016-10-29,2016,Visakhapatnam,New Zealand,1.0,3.0,65.0,76.0,2.0,1.0,85.52,caught,0
2017-01-15,2017,Pune,England,2.0,3.0,122.0,105.0,8.0,5.0,116.19,caught,0
2017-01-19,2017,Cuttack,England,1.0,3.0,8.0,5.0,2.0,0.0,160.0,caught,0
2017-01-22,2017,Eden Gardens,England,2.0,3.0,55.0,63.0,8.0,0.0,87.3,caught,0
2017-06-04,2017,Birmingham,Pakistan,1.0,3.0,81.0,68.0,6.0,3.0,119.11,not out,1
2017-06-08,2017,The Oval,Sri Lanka,1.0,3.0,0.0,5.0,0.0,0.0,0.0,caught,0
2017-06-11,2017,The Oval,South Africa,2.0,3.0,76.0,101.0,7.0,1.0,75.24,not out,1
2017-06-15,2017,Birmingham,Bangladesh,2.0,3.0,96.0,78.0,13.0,0.0,123.07,not out,1
2017-06-18,2017,The Oval,Pakistan,2.0,3.0,5.0,9.0,0.0,0.0,55.55,caught,0
2017-06-23,2017,Port of Spain,West Indies,1.0,3.0,32.0,47.0,1.0,0.0,68.08,not out,1
2017-06-25,2017,Port of Spain,West Indies,1.0,3.0,87.0,66.0,4.0,4.0,131.81,caught,0
2017-06-30,2017,North Sound,West Indies,1.0,3.0,11.0,22.0,2.0,0.0,50.0,caught,0
2017-07-02,2017,North Sound,West Indies,2.0,3.0,3.0,12.0,0.0,0.0,25.0,caught,0
2017-07-06,2017,Kingston,West Indies,2.0,3.0,111.0,115.0,12.0,2.0,96.52,not out,1
2017-08-20,2017,Dambulla,Sri Lanka,2.0,3.0,82.0,70.0,10.0,1.0,117.14,not out,1
2017-08-24,2017,Pallekele,Sri Lanka,2.0,5.0,4.0,2.0,1.0,0.0,200.0,bowled,0
2017-08-27,2017,Pallekele,Sri Lanka,2.0,3.0,3.0,11.0,0.0,0.0,27.27,caught,0
2017-08-31,2017,Colombo (RPS),Sri Lanka,1.0,3.0,131.0,96.0,17.0,2.0,136.45,caught,0
2017-09-03,2017,Colombo (RPS),Sri Lanka,2.0,3.0,110.0,116.0,9.0,0.0,94.82,not out,1
2017-09-17,2017,Chennai,Australia,1.0,3.0,0.0,4.0,0.0,0.0,0.0,caught,0
2017-09-21,2017,Eden Gardens,Australia,1.0,3.0,92.0,107.0,8.0,0.0,85.98,bowled,0
2017-09-24,2017,Indore,Australia,2.0,3.0,28.0,35.0,2.0,0.0,80.0,caught,0
2017-09-28,2017,Bengaluru,Australia,2.0,3.0,21.0,21.0,3.0,0.0,100.0,bowled,0
2017-10-01,2017,Nagpur,Australia,2.0,3.0,39.0,55.0,2.0,0.0,70.9,caught,0
2017-10-22,2017,Wankhede,New Zealand,1.0,3.0,121.0,125.0,9.0,2.0,96.8,caught,0
2017-10-25,2017,Pune,New Zealand,2.0,3.0,29.0,29.0,3.0,1.0,100.0,caught,0
2017-10-29,2017,Kanpur,New Zealand,1.0,3.0,113.0,106.0,9.0,1.0,106.6,caught,0
2018-02-01,2018,Durban,South Africa,2.0,3.0,112.0,119.0,10.0,0.0,94.11,caught,0
2018-02-04,2018,Centurion,South Africa,2.0,3.0,46.0,50.0,4.0,1.0,92.0,not out,1
2018-02-07,2018,Cape Town,South Africa,1.0,3.0,160.0,159.0,12.0,2.0,100.62,not out,1
2018-02-10,2018,Johannesburg,South Africa,1.0,3.0,75.0,83.0,7.0,1.0,90.36,caught,0
2018-02-13,2018,Gqeberha,South Africa,1.0,3.0,36.0,54.0,2.0,0.0,66.66,run out,0
2018-02-16,2018,Centurion,South Africa,2.0,3.0,129.0,96.0,19.0,2.0,134.37,not out,1
2018-07-12,2018,Nottingham,England,2.0,3.0,75.0,82.0,7.0,0.0,91.46,stumped,0
2018-07-14,2018,Lord's,England,2.0,3.0,45.0,56.0,2.0,0.0,80.35,lbw,0
2018-07-17,2018,Leeds,England,1.0,3.0,71.0,72.0,8.0,0.0,98.61,bowled,0
2018-10-21,2018,Guwahati,West Indies,2.0,3.0,140.0,107.0,21.0,2.0,130.84,stumped,0
2018-10-24,2018,Visakhapatnam,West Indies,1.0,3.0,157.0,129.0,13.0,4.0,121.7,not out,1
2018-10-27,2018,Pune,West Indies,2.0,3.0,107.0,119.0,10.0,1.0,89.91,bowled,0
2018-10-29,2018,Brabourne,West Indies,1.0,3.0,16.0,17.0,2.0,0.0,94.11,caught,0
2018-11-01,2018,Thiruvananthapuram,West Indies,2.0,3.0,33.0,29.0,6.0,0.0,113.79,not out,1
2019-01-12,2019,Sydney,Australia,2.0,3.0,3.0,8.0,0.0,0.0,37.5,caught,0
2019-01-15,2019,Adelaide,Australia,2.0,3.0,104.0,112.0,5.0,2.0,92.85,caught,0
2019-01-18,2019,Melbourne,Australia,2.0,3.0,46.0,62.0,3.0,0.0,74.19,caught,0
2019-01-23,2019,Napier,New Zealand,2.0,3.0,45.0,59.0,3.0,0.0,76.27,caught,0
2019-01-26,2019,Mount Maunganui,New Zealand,1.0,3.0,43.0,45.0,5.0,0.0,95.55,caught,0
2019-01-28,2019,Mount Maunganui,New Zealand,2.0,3.0,60.0,74.0,6.0,1.0,81.08,caught,0
2019-03-02,2019,Hyderabad,Australia,2.0,3.0,44.0,45.0,6.0,1.0,97.77,lbw,0
2019-03-05,2019,Nagpur,Australia,1.0,3.0,116.0,120.0,10.0,0.0,96.66,caught,0
2019-03-08,2019,Ranchi,Australia,2.0,3.0,123.0,95.0,16.0,1.0,129.47,bowled,0
2019-03-10,2019,Mohali,Australia,1.0,4.0,7.0,6.0,1.0,0.0,116.66,caught,0
2019-03-13,2019,Delhi,Australia,2.0,3.0,20.0,22.0,2.0,0.0,90.9,caught,0
2019-06-05,2019,Southampton,South Africa,2.0,3.0,18.0,34.0,1.0,0.0,52.94,caught,0
2019-06-09,2019,The Oval,Australia,1.0,3.0,82.0,77.0,4.0,2.0,106.49,caught,0
2019-06-16,2019,Manchester,Pakistan,1.0,3.0,77.0,65.0,7.0,0.0,118.46,caught,0
2019-06-22,2019,Southampton,Afghanistan,1.0,3.0,67.0,63.0,5.0,0.0,106.34,caught,0
2019-06-27,2019,Manchester,West Indies,1.0,3.0,72.0,82.0,8.0,0.0,87.8,caught,0
2019-06-30,2019,Birmingham,England,2.0,3.0,66.0,76.0,7.0,0.0,86.84,caught,0
2019-07-02,2019,Birmingham,Bangladesh,1.0,3.0,26.0,27.0,3.0,0.0,96.29,caught,0
2019-07-06,2019,Leeds,Sri Lanka,2.0,3.0,34.0,41.0,3.0,0.0,82.92,not out,1
2019-07-09,2019,Manchester,New Zealand,2.0,3.0,1.0,6.0,0.0,0.0,16.66,lbw,0
2019-08-08,2019,Providence,West Indies,,,,,,,,-,0
2019-08-11,2019,Port of Spain,West Indies,1.0,3.0,120.0,125.0,14.0,1.0,96.0,caught,0
2019-08-14,2019,Port of Spain,West Indies,2.0,3.0,114.0,99.0,14.0,0.0,115.15,not out,1
2019-12-15,2019,Chennai,West Indies,1.0,3.0,4.0,4.0,1.0,0.0,100.0,bowled,0
2019-12-18,2019,Visakhapatnam,West Indies,1.0,3.0,0.0,1.0,0.0,0.0,0.0,caught,0
2019-12-22,2019,Cuttack,West Indies,2.0,3.0,85.0,81.0,9.0,0.0,104.93,bowled,0
2020-01-14,2020,Wankhede,Australia,1.0,4.0,16.0,14.0,0.0,1.0,114.28,caught,0
2020-01-17,2020,Rajkot,Australia,1.0,3.0,78.0,76.0,6.0,0.0,102.63,caught,0
2020-01-19,2020,Bengaluru,Australia,2.0,3.0,89.0,91.0,8.0,0.0,97.8,bowled,0
2020-02-05,2020,Hamilton,New Zealand,1.0,3.0,51.0,63.0,6.0,0.0,80.95,bowled,0
2020-02-08,2020,Auckland,New Zealand,2.0,3.0,15.0,25.0,1.0,0.0,60.0,bowled,0
2020-02-11,2020,Mount Maunganui,New Zealand,1.0,3.0,9.0,12.0,0.0,1.0,75.0,caught,0
2020-11-27,2020,Sydney,Australia,2.0,3.0,21.0,21.0,2.0,1.0,100.0,caught,0
2020-11-29,2020,Sydney,Australia,2.0,3.0,89.0,87.0,7.0,2.0,102.29,caught,0
2020-12-02,2020,Canberra,Australia,1.0,3.0,63.0,78.0,5.0,0.0,80.76,caught,0
2021-03-23,2021,Pune,England,1.0,3.0,56.0,60.0,6.0,0.0,93.33,caught,0
2021-03-26,2021,Pune,England,1.0,3.0,66.0,79.0,3.0,1.0,83.54,caught,0
2021-03-28,2021,Pune,England,1.0,3.0,7.0,10.0,1.0,0.0,70.0,bowled,0
2022-01-19,2022,Paarl,South Africa,2.0,3.0,51.0,63.0,3.0,0.0,80.95,caught,0
2022-01-21,2022,Paarl,South Africa,1.0,3.0,0.0,5.0,0.0,0.0,0.0,caught,0
2022-01-23,2022,Cape Town,South Africa,2.0,3.0,65.0,84.0,5.0,0.0,77.38,caught,0
2022-02-06,2022,Ahmedabad,West Indies,2.0,3.0,8.0,4.0,2.0,0.0,200.0,caught,0
2022-02-09,2022,Ahmedabad,West Indies,1.0,3.0,18.0,30.0,3.0,0.0,60.0,caught,0
2022-02-11,2022,Ahmedabad,West Indies,1.0,3.0,0.0,2.0,0.0,0.0,0.0,caught,0
2022-07-14,2022,Lord's,England,2.0,3.0,16.0,25.0,3.0,0.0,64.0,caught,0
2022-07-17,2022,Manchester,England,2.0,3.0,17.0,22.0,3.0,0.0,77.27,caught,0
2022-12-04,2022,Mirpur,Bangladesh,1.0,3.0,9.0,15.0,1.0,0.0,60.0,caught,0
2022-12-07,2022,Mirpur,Bangladesh,2.0,1.0,5.0,6.0,1.0,0.0,83.33,bowled,0
2022-12-10,2022,Chattogram,Bangladesh,1.0,3.0,113.0,91.0,11.0,2.0,124.17,caught,0
2023-01-10,2023,Guwahati,Sri Lanka,1.0,3.0,113.0,87.0,12.0,1.0,129.88,caught,0
2023-01-12,2023,Eden Gardens,Sri Lanka,2.0,3.0,4.0,9.0,1.0,0.0,44.44,bowled,0
2023-01-15,2023,Thiruvananthapuram,Sri Lanka,1.0,3.0,166.0,110.0,13.0,8.0,150.9,not out,1
2023-01-18,2023,Hyderabad,New Zealand,1.0,3.0,8.0,10.0,1.0,0.0,80.0,bowled,0
2023-01-21,2023,Raipur,New Zealand,2.0,3.0,11.0,9.0,2.0,0.0,122.22,stumped,0
2023-01-24,2023,Indore,New Zealand,1.0,3.0,36.0,27.0,3.0,1.0,133.33,caught,0
2023-03-17,2023,Wankhede,Australia,2.0,3.0,4.0,9.0,1.0,0.0,44.44,lbw,0
2023-03-19,2023,Visakhapatnam,Australia,1.0,3.0,31.0,35.0,4.0,0.0,88.57,lbw,0
2023-03-22,2023,Chennai,Australia,2.0,3.0,54.0,72.0,2.0,1.0,75.0,caught,0
2023-07-27,2023,Bridgetown,West Indies,2.0,,,,,,,-,0
2023-09-02,2023,Pallekele,Pakistan,1.0,3.0,4.0,7.0,1.0,0.0,57.14,bowled,0
2023-09-04,2023,Pallekele,Nepal,2.0,,,,,,,-,0
2023-09-10,2023,Colombo (RPS),Pakistan,1.0,3.0,122.0,94.0,9.0,3.0,129.78,not out,1
2023-09-12,2023,Colombo (RPS),Sri Lanka,1.0,3.0,3.0,12.0,0.0,0.0,25.0,caught,0
2023-09-17,2023,Colombo (RPS),Sri Lanka,2.0,,,,,,,-,0
2023-09-27,2023,Rajkot,Australia,2.0,3.0,56.0,61.0,5.0,1.0,91.8,caught,0
2023-10-08,2023,Chennai,Australia,2.0,3.0,85.0,116.0,6.0,0.0,73.27,caught,0
2023-10-11,2023,Delhi,Afghanistan,2.0,3.0,55.0,56.0,6.0,0.0,98.21,not out,1
2023-10-14,2023,Ahmedabad,Pakistan,2.0,3.0,16.0,18.0,3.0,0.0,88.88,caught,0
2023-10-19,2023,Pune,Bangladesh,2.0,3.0,103.0,97.0,6.0,4.0,106.18,not out,1
2023-10-22,2023,Dharamsala,New Zealand,2.0,3.0,95.0,104.0,8.0,2.0,91.34,caught,0
2023-10-29,2023,Lucknow,England,1.0,3.0,0.0,9.0,0.0,0.0,0.0,caught,0
2023-11-02,2023,Wankhede,Sri Lanka,1.0,3.0,88.0,94.0,11.0,0.0,93.61,caught,0
2023-11-05,2023,Eden Gardens,South Africa,1.0,3.0,101.0,121.0,10.0,0.0,83.47,not out,1
2023-11-12,2023,Bengaluru,Netherlands,1.0,3.0,51.0,56.0,5.0,1.0,91.07,bowled,0
2023-11-15,2023,Wankhede,New Zealand,1.0,3.0,117.0,113.0,9.0,2.0,103.53,caught,0
2023-11-19,2023,Ahmedabad,Australia,1.0,3.0,54.0,63.0,4.0,0.0,85.71,bowled,0
2024-08-02,2024,Colombo (RPS),Sri Lanka,2.0,3.0,24.0,32.0,2.0,0.0,75.0,lbw,0
2024-08-04,2024,Colombo (RPS),Sri Lanka,2.0,3.0,14.0,19.0,2.0,0.0,73.68,lbw,0
2024-08-07,2024,Colombo (RPS),Sri Lanka,2.0,3.0,20.0,18.0,4.0,0.0,111.11,lbw,0
2025-02-09,2025,Cuttack,England,2.0,3.0,5.0,8.0,1.0,0.0,62.5,caught,0
2025-02-12,2025,Ahmedabad,England,1.0,3.0,52.0,55.0,7.0,1.0,94.54,caught,0
2025-02-20,2025,Dubai (DICS),Bangladesh,2.0,3.0,22.0,38.0,1.0,0.0,57.89,caught,0
2025-02-23,2025,Dubai (DICS),Pakistan,2.0,3.0,100.0,111.0,7.0,0.0,90.09,not out,1
2025-03-02,2025,Dubai (DICS),New Zealand,1.0,3.0,11.0,14.0,2.0,0.0,78.57,caught,0
2025-03-04,2025,Dubai (DICS),Australia,2.0,3.0,84.0,98.0,5.0,0.0,85.71,caught,0
2025-03-09,2025,Dubai (DICS),New Zealand,2.0,3.0,1.0,2.0,0.0,0.0,50.0,lbw,0
